Review,Rating
"Excellent product, highly recommended!",5
Very good quality and fast delivery.,5
Worth every penny.,5
Amazing product.,5
Good value for money.,4
Works as expected.,4
Satisfied with the purchase.,4
Nice packaging and quality.,4
Average product.,3
"It's okay, nothing special.",3
Not bad but could be better.,3
Poor quality.,2
Not satisfied with the performance.,2
Waste of money.,1
Very disappointed.,1
Terrible experience.,1
Product stopped working after one week.,1
Excellent customer service.,5
Battery life is great.,5
Color is beautiful.,4
Size was perfect.,5
Packaging was damaged.,2
Late delivery.,2
Easy to use.,5
Instructions were unclear.,2
Build quality is excellent.,5
Cheap material.,1
Would buy again.,5
Do not recommend.,1
Five stars!,5
